{"GFLOPs": 7.28e-07, "graph": {"_type": "graph-file", "sha256": "2a6bf245d797f08d50b503d149837f3165a9b5689cd8c8345930f704d24feb4c", "size": 581, "path": "media/graph/graph_summary_2a6bf245d797f08d50b5.graph.json"}, "epoch": 99, "_timestamp": 1660559804.273272, "_runtime": 106.92110514640808, "loss": 0.4892532527446747, "accuracy": 0.7721354365348816, "_step": 99, "_wandb": {"runtime": 105}}