{"GFLOPs": 2.105e-07, "graph": {"_type": "graph-file", "sha256": "c4518e24c6b98a2a5c261281f1cb573bc9e9ad2af52953f35d7c8a54ac251f37", "size": 579, "path": "media/graph/graph_summary_c4518e24c6b98a2a5c26.graph.json"}, "epoch": 99, "_timestamp": 1660559040.544207, "_runtime": 113.04079508781433, "loss": 0.4921327531337738, "accuracy": 0.76171875, "_step": 99, "_wandb": {"runtime": 102}}